Site,provide_metadata,provide_descriptive_metadata,provide_data_license_information,provide_data_provenance_information,provide_data_quality_information,provide_a_version_indicator,provide_version_history,gather_feedback_from_data_consumers,make_feedback_available,provide_bulk_download,provide_data_up_to_date,use_persistent_URIs_as_identifiers_of_datasets,use_machine_readable_standardized_data_formats,provide_data_in_multiple_formats,assess_dataset_coverage,provide_feedback_to_the_original_publisher,cite_the_original_publication
http://brasil.gov.br,1,1,1,0,0,1,1,1,1,1,1,1,1,1,1,1,1
http://faq-login-unico.servicos.gov.br/en/latest/,1,1,0,0,0,0,0,0,0,1,1,1,1,1,1,0,0
http://paineldecompras.economia.gov.br,1,1,0,0,0,1,1,1,1,1,1,1,1,1,1,0,0
http://revistas.ifpr.edu.br/,1,1,0,0,0,1,1,1,1,1,1,1,0,0,1,0,0
http://solicitacao.servicos.gov.br/,0,0,0,0,0,0,0,0,0,1,1,1,0,0,1,0,0
http://www.acessoainformacao.gov.br/,1,1,1,0,0,0,0,1,1,1,1,1,1,1,1,1,1
http://www.psu.uem.br/,1,1,0,0,0,0,0,1,1,1,1,1,0,0,1,0,0
https://apps.apple.com/br/app/carteira-digital-de-tr%C3%A2nsito/id1275057217,1,1,1,1,1,1,1,1,1,1,1,1,1,1,1,0,0
https://apps.apple.com/br/app/conecte-sus/id1045754608,1,1,0,1,0,1,1,1,1,1,1,1,1,1,1,0,0
https://apps.apple.com/br/app/id1506827551,1,1,0,1,0,1,1,1,1,1,1,1,1,1,1,0,0
https://arapongas.ifpr.edu.br,1,1,0,0,1,0,0,1,1,1,1,1,0,0,1,0,0
https://assis.ifpr.edu.br/,1,1,0,1,1,0,0,1,1,1,1,1,0,0,1,0,0
https://assis.ifpr.edu.br/nossos-cursos/pos-graduacoes/especializacao-em-ensino-de-ciencias-e-matematica/,1,1,0,1,1,0,0,1,1,1,1,1,0,0,1,0,0
https://assis.ifpr.edu.br/nossos-cursos/pos-graduacoes/especializacao-em-governanca-corporativa-e-sustentabilidade/,1,1,0,1,1,0,0,1,1,1,1,1,0,0,1,0,0
https://astorga.ifpr.edu.br/,1,1,0,0,0,0,0,1,1,1,1,1,0,0,1,0,0
https://astorga.ifpr.edu.br/index.php/menu-principal/nossos-cursos/pos-graduacoes/especializacao-em-docencia-para-a-educacao-basica/,1,1,0,0,0,0,0,1,1,1,1,1,0,0,1,0,0
https://barracao.ifpr.edu.br/,1,1,0,1,1,0,0,1,1,1,1,1,0,0,1,0,0
https://biblioteca.ifpr.edu.br/pergamum_ifpr/biblioteca/index.php,1,1,0,1,0,1,1,1,1,1,1,1,1,1,1,0,0
https://calendar.google.com/calendar/embed?src=ifpr.edu.br_3uj0kel1msa1u6c2pn7tl3svdc%40group.calendar.google.com&ctz=America%2FSao_Paulo,0,0,0,0,0,0,0,0,0,1,1,1,0,0,1,0,0
https://campolargo.ifpr.edu.br/,1,1,0,0,0,1,1,1,1,1,1,1,0,0,1,0,0
https://campolargo.ifpr.edu.br/nossos-cursos/cursos-de-pos-graduacao/gestao-empresarial/,1,1,0,0,1,1,1,1,1,1,1,1,0,0,1,0,0
https://capanema.ifpr.edu.br/,1,1,0,0,1,0,0,1,1,1,1,1,0,0,1,0,0
https://cascavel.ifpr.edu.br/,1,1,0,0,1,0,0,1,1,1,1,1,0,0,1,0,0
https://cascavel.ifpr.edu.br/cursos/pos-graduacao/,1,1,0,0,0,0,0,1,1,1,1,1,0,0,1,0,0
https://colombo.ifpr.edu.br/,1,1,0,0,1,0,0,1,1,1,1,1,0,0,1,0,0
https://coronelvivida.ifpr.edu.br/,1,1,0,0,1,0,0,1,1,1,1,1,0,0,1,0,0
https://curitiba.ifpr.edu.br/,1,1,0,0,1,0,0,1,1,1,1,1,0,0,1,0,0
https://curitiba.ifpr.edu.br/condominio/,1,1,0,0,0,0,0,1,1,1,1,1,0,0,1,0,0
https://curitiba.ifpr.edu.br/cursos-superiores/massoterapia/,1,1,0,1,1,0,0,1,1,1,1,1,1,1,1,0,0
https://curitiba.ifpr.edu.br/cursos-superiores/processos-gerenciais/,1,1,0,1,0,0,0,1,1,1,1,1,1,1,1,0,0
https://curitiba.ifpr.edu.br/cursos-tecnicos-subsequentes/producaoaudioevideo/,1,1,0,0,0,0,0,1,1,1,1,1,1,1,1,0,0
https://curitiba.ifpr.edu.br/especializacao-em-ciencias-da-natureza-ensino-de-fisica-e-astronomia/,1,1,0,0,0,1,1,1,1,1,1,1,1,1,1,0,0
https://curitiba.ifpr.edu.br/pos-graduacao/especializacao-de-gestao-e-negocios/,1,1,0,0,0,0,0,1,1,1,1,1,0,0,1,0,0
https://curitiba.ifpr.edu.br/pos-graduacao/especializacao-em-educacao-musical-para-educacao-basica/,1,1,0,0,1,0,0,1,1,1,1,1,1,1,1,0,0
https://curitiba.ifpr.edu.br/pos-graduacao/especializacao-em-educacao-profissional/,1,1,0,0,0,0,0,1,1,1,1,1,0,0,1,0,0
https://curitiba.ifpr.edu.br/pos-graduacao/especializacao-em-gestao-empresarial-contabil-e-tributaria/,1,1,0,0,0,1,1,1,1,1,1,1,1,1,1,0,0
https://curitiba.ifpr.edu.br/pos-graduacao/especializacao-em-gestao-publica/,1,1,0,0,0,0,0,1,1,1,1,1,0,0,1,0,0
https://curitiba.ifpr.edu.br/pos-graduacao/especializacao-em-gestao-social-e-politicas-publicas/,1,1,0,1,0,0,0,1,1,1,1,1,0,0,1,0,0
https://curitiba.ifpr.edu.br/pos-graduacao/mestrado-profissional-profept/,1,1,0,0,0,0,0,1,1,1,1,1,0,0,1,0,0
https://ead.ifpr.edu.br,1,1,0,0,1,0,0,1,1,1,1,1,0,0,1,0,0
https://ead.ifpr.edu.br/,1,1,0,0,1,0,0,1,1,1,1,1,0,0,1,0,0
https://ead.ifpr.edu.br/?m=202211,1,1,0,0,0,0,0,1,1,1,1,1,0,0,1,0,0
https://ead.ifpr.edu.br/?p=10721,1,1,0,0,0,0,0,1,1,1,1,1,0,0,1,0,0
https://ead.ifpr.edu.br/?p=10755,1,1,0,1,0,1,1,1,1,1,1,1,0,0,1,0,0
https://ead.ifpr.edu.br/?p=10768,1,1,0,0,0,0,0,1,1,1,1,1,0,0,1,0,0
https://ead.ifpr.edu.br/?p=10773,1,1,0,0,0,0,0,1,1,1,1,1,0,0,1,0,0
https://ead.ifpr.edu.br/?p=10779,1,1,0,0,1,1,1,1,1,1,1,1,0,0,1,0,0
https://ead.ifpr.edu.br/?p=10797,1,1,0,0,0,0,0,1,1,1,1,1,1,1,1,0,0
https://ead.ifpr.edu.br/?p=10805,1,1,0,0,0,0,0,1,1,1,1,1,0,0,1,0,0
https://ead.ifpr.edu.br/?p=10819,1,1,0,0,0,0,0,1,1,1,1,1,0,0,1,0,0
https://ead.ifpr.edu.br/?p=10828,1,1,0,0,0,0,0,1,1,1,1,1,0,0,1,0,0
https://ead.ifpr.edu.br/?p=10958,1,1,0,0,0,0,0,1,1,1,1,1,0,0,1,0,0
https://ead.ifpr.edu.br/?p=10960,1,1,0,0,0,0,0,1,1,1,1,1,0,0,1,0,0
https://ead.ifpr.edu.br/?p=10962,1,1,0,0,0,0,0,1,1,1,1,1,0,0,1,0,0
https://ead.ifpr.edu.br/?p=10999,1,1,0,0,0,0,0,1,1,1,1,1,0,0,1,0,0
https://ead.ifpr.edu.br/?p=11034,1,1,0,1,0,0,0,1,1,1,1,1,0,0,1,0,0
https://ead.ifpr.edu.br/?p=11041,1,1,0,0,0,1,1,1,1,1,1,1,0,0,1,0,0
https://ead.ifpr.edu.br/?p=11055,1,1,0,0,1,0,0,1,1,1,1,1,0,0,1,0,0
https://ead.ifpr.edu.br/?p=11058,1,1,0,0,0,0,0,1,1,1,1,1,0,0,1,0,0
https://ead.ifpr.edu.br/?p=11066,1,1,0,0,0,1,1,1,1,1,1,1,1,1,1,0,0
https://ead.ifpr.edu.br/?p=11076,1,1,0,0,0,0,0,1,1,1,1,1,1,1,1,0,0
https://ead.ifpr.edu.br/?p=11108,1,1,0,0,0,0,0,1,1,1,1,1,1,1,1,0,0
https://ead.ifpr.edu.br/?page_id=10724,1,1,0,1,0,1,1,1,1,1,1,1,1,1,1,0,0
https://ead.ifpr.edu.br/?page_id=1333,1,1,0,0,0,1,1,1,1,1,1,1,0,0,1,0,0
https://ead.ifpr.edu.br/?page_id=1411,1,1,0,0,0,0,0,1,1,1,1,1,0,0,1,0,0
https://ead.ifpr.edu.br/?page_id=2417,1,1,0,0,0,0,0,1,1,1,1,1,0,0,1,0,0
https://ead.ifpr.edu.br/?page_id=3171,1,1,0,0,0,0,0,1,1,1,1,1,0,0,1,0,0
https://ead.ifpr.edu.br/?page_id=3943,1,1,0,1,0,0,0,1,1,1,1,1,0,0,1,0,0
https://ead.ifpr.edu.br/?page_id=4001,1,1,0,0,0,0,0,1,1,1,1,1,0,0,1,0,0
https://ead.ifpr.edu.br/?page_id=4003,1,1,0,0,0,0,0,1,1,1,1,1,1,1,1,0,0
https://ead.ifpr.edu.br/?page_id=4007,1,1,0,0,0,0,0,1,1,1,1,1,0,0,1,0,0
https://ead.ifpr.edu.br/?page_id=4011,1,1,0,0,0,0,0,1,1,1,1,1,0,0,1,0,0
https://ead.ifpr.edu.br/?page_id=4087,1,1,0,0,0,0,0,1,1,1,1,1,0,0,1,0,0
https://ead.ifpr.edu.br/?page_id=4595,1,1,0,0,0,0,0,1,1,1,1,1,0,0,1,0,0
https://ead.ifpr.edu.br/?page_id=5257,1,1,0,0,1,0,0,1,1,1,1,1,0,0,1,0,0
https://ead.ifpr.edu.br/?page_id=5888,1,1,0,0,0,1,1,1,1,1,1,1,0,0,1,0,0
https://ead.ifpr.edu.br/?page_id=5902,1,1,0,0,0,1,1,1,1,1,1,1,0,0,1,0,0
https://ead.ifpr.edu.br/?page_id=596,1,1,0,0,0,0,0,1,1,1,1,1,0,0,1,0,0
https://ead.ifpr.edu.br/?page_id=598,1,1,0,0,1,0,0,1,1,1,1,1,0,0,1,0,0
https://ead.ifpr.edu.br/?page_id=601,1,1,0,0,0,0,0,1,1,1,1,1,0,0,1,0,0
https://ead.ifpr.edu.br/?page_id=6143,1,1,0,0,0,0,0,1,1,1,1,1,0,0,1,0,0
https://ead.ifpr.edu.br/?page_id=6153,1,1,0,0,0,0,0,1,1,1,1,1,0,0,1,0,0
https://ead.ifpr.edu.br/?page_id=7935,1,1,0,0,0,0,0,1,1,1,1,1,0,0,1,0,0
https://ead.ifpr.edu.br/?page_id=7956,1,1,0,0,0,0,0,1,1,1,1,1,0,0,1,0,0
https://ead.ifpr.edu.br/?page_id=7964,1,1,0,0,0,0,0,1,1,1,1,1,0,0,1,0,0
https://ead.ifpr.edu.br/?page_id=7967,1,1,0,0,0,0,0,1,1,1,1,1,0,0,1,0,0
https://ead.ifpr.edu.br/?page_id=7977,1,1,0,0,1,0,0,1,1,1,1,1,0,0,1,0,0
https://ead.ifpr.edu.br/?page_id=7983,1,1,0,0,0,0,0,1,1,1,1,1,0,0,1,0,0
https://ead.ifpr.edu.br/?page_id=8605,1,1,0,0,0,0,0,1,1,1,1,1,0,0,1,0,0
https://ead.ifpr.edu.br/?page_id=8774,1,1,0,0,0,0,0,1,1,1,1,1,0,0,1,0,0
https://ead.ifpr.edu.br/?page_id=8944,1,1,0,0,0,0,0,1,1,1,1,1,0,0,1,0,0
https://ead.ifpr.edu.br/?page_id=9162,1,1,0,0,0,0,0,1,1,1,1,1,0,0,1,0,0
https://emec.mec.gov.br/emec/consulta-cadastro/detalhamento/d96957f455f6405d14c6542552b0f6eb/MTQ3MjQ=,0,0,0,0,0,0,0,0,0,1,1,1,0,0,1,0,0
https://falabr.cgu.gov.br/publico/Manifestacao/RegistrarManifestacao.aspx?tipo=1&orgaoDestinatario=26,1,1,1,0,0,1,1,0,0,1,1,1,1,1,1,0,0
https://falabr.cgu.gov.br/publico/Manifestacao/RegistrarManifestacao.aspx?tipo=3&orgaoDestinatario=26,1,1,1,0,0,1,1,0,0,1,1,1,1,1,1,0,0
https://falabr.cgu.gov.br/publico/Manifestacao/RegistrarManifestacao.aspx?tipo=4&orgaoDestinatario=26,1,1,1,0,0,1,1,0,0,1,1,1,1,1,1,0,0
https://falabr.cgu.gov.br/publico/Manifestacao/RegistrarManifestacao.aspx?tipo=5&orgaoDestinatario=26,1,1,1,0,0,1,1,0,0,1,1,1,1,1,1,0,0
https://foz.ifpr.edu.br/,1,1,0,0,1,0,0,1,1,1,1,1,0,0,1,0,0
https://foz.ifpr.edu.br/pos-graduacao-lato-sensu-em-internet-das-coisas-iot-do-ifpr/,1,1,0,0,0,0,0,1,1,1,1,1,0,0,1,0,0
https://goioere.ifpr.edu.br/,1,1,0,0,1,0,0,1,1,1,1,1,0,0,1,0,0
https://gov.br/sobre,1,1,0,1,0,1,1,1,1,1,1,1,0,0,1,0,0
https://info.ifpr.edu.br,1,1,0,0,0,0,0,1,1,1,1,1,1,1,1,0,0
https://info.ifpr.edu.br/,1,1,0,0,0,0,0,1,1,1,1,1,1,1,1,0,0
https://info.ifpr.edu.br/boletim-interno/,1,1,0,0,0,0,0,1,1,1,1,1,0,0,1,0,0
https://info.ifpr.edu.br/demonstracoes-contabeis/2016-2/,1,1,0,0,0,0,0,1,1,1,1,1,0,0,1,0,0
https://info.ifpr.edu.br/informacoes-institucionais/pdi-plano-de-desenvolvimento-institucional/,1,1,0,0,0,1,1,1,1,1,1,1,1,1,1,0,0
https://info.ifpr.edu.br/mapeamento-de-processos/,1,1,1,0,0,0,0,1,1,1,1,1,0,0,1,1,1
https://irati.ifpr.edu.br/,1,1,0,0,1,0,0,1,1,1,1,1,1,1,1,0,0
https://ivaipora.ifpr.edu.br/,1,1,0,0,1,0,0,1,1,1,1,1,0,0,1,0,0
https://jacarezinho.ifpr.edu.br/,1,1,0,0,1,0,0,1,1,1,1,1,0,0,1,0,0
https://jacarezinho.ifpr.edu.br/cursos/cursos-subsequentes/menu-institucional-cursos__trashed-cursos-subsequentes-em-arte-dramatica/,1,1,0,0,0,0,0,1,1,1,1,1,0,0,1,0,0
https://jacarezinho.ifpr.edu.br/educacao-sociedade-e-tecnologia/,1,1,0,0,0,0,0,1,1,1,1,1,0,0,1,0,0
https://jaguariaiva.ifpr.edu.br/,1,1,0,0,1,0,0,1,1,1,1,1,0,0,1,0,0
https://jaguariaiva.ifpr.edu.br/pos-graduacao/curso-de-pos-graduacao/,1,1,0,0,0,0,0,1,1,1,1,1,0,0,1,0,0
https://jaguariaiva.ifpr.edu.br/superiores/,1,1,0,0,1,0,0,1,1,1,1,1,0,0,1,0,0
https://londrina.ifpr.edu.br/,1,1,0,0,1,0,0,1,1,1,1,1,0,0,1,0,0
https://londrina.ifpr.edu.br/especializacao-lato-sensu-em-saude-coletiva-com-enfase-na-promocao-da-saude/,1,1,0,0,0,0,0,1,1,1,1,1,0,0,1,0,0
https://londrina.ifpr.edu.br/praticas-interdisciplinares-no-ensino-de-ciencias/,1,1,0,0,0,0,0,1,1,1,1,1,0,0,1,0,0
https://palmas.ifpr.edu.br/,1,1,0,0,1,0,0,1,1,1,1,1,1,1,1,0,0
https://palmas.ifpr.edu.br/about/nossos-cursos/pos-graduacao/controladoria-e-gestao-empresarial/,1,1,0,0,0,0,0,1,1,1,1,1,1,1,1,0,0
https://palmas.ifpr.edu.br/about/nossos-cursos/pos-graduacao/linguagens-hibridas-e-educacao/,1,1,0,0,0,0,0,1,1,1,1,1,1,1,1,0,0
https://paranagua.ifpr.edu.br/,1,1,0,0,1,0,0,1,1,1,1,1,1,1,1,0,0
https://paranagua.ifpr.edu.br/especializacao/pos-graduacao-em-meio-ambiente/,1,1,0,0,0,0,0,1,1,1,1,1,1,1,1,0,0
https://paranagua.ifpr.edu.br/mestrado/mestrado-em-ciencia-tecnologia-e-sociedade-ppgcts-ifpr/,1,1,0,0,0,0,0,1,1,1,1,1,1,1,1,0,0
https://paranavai.ifpr.edu.br/,1,1,0,0,1,0,0,1,1,1,1,1,1,1,1,0,0
https://paranavai.ifpr.edu.br/cursos-de-pos-graduacao/gestao-da-qualidade-e-tecnologia-de-alimentos/,1,1,0,0,1,0,0,1,1,1,1,1,1,1,1,0,0
https://paranavai.ifpr.edu.br/ensino-superior/engenharia-de-software-bacharelado/,1,1,0,0,0,0,0,1,1,1,1,1,1,1,1,0,0
https://paranavai.ifpr.edu.br/pos/meio-ambiente/,1,1,0,0,0,0,0,1,1,1,1,1,1,1,1,0,0
https://paranavai.ifpr.edu.br/pos/praticas/,1,1,0,0,0,0,0,1,1,1,1,1,1,1,1,0,0
https://paranavai.ifpr.edu.br/pos/web/,1,1,0,0,0,0,0,1,1,1,1,1,1,1,1,0,0
https://periodicos.ifpr.edu.br/index.php?journal=index&page=index,1,1,0,1,0,0,0,1,1,1,1,1,1,1,1,0,0
https://pinhais.ifpr.edu.br/,1,1,0,0,0,0,0,1,1,1,1,1,0,0,1,0,0
https://pinhais.ifpr.edu.br/pos-graduacao/estudos-da-linguagem/,1,1,0,0,0,1,1,1,1,1,1,1,1,1,1,0,0
https://pinhais.ifpr.edu.br/pos-graduacao/web-mobile/,1,1,0,0,1,0,0,1,1,1,1,1,1,1,1,0,0
https://pitanga.ifpr.edu.br/,1,1,0,0,1,0,0,1,1,1,1,1,0,0,1,0,0
https://pitanga.ifpr.edu.br/nossos-cursos/pos-graduacao/pos-graduacao-latu-senso-em-interdisciplinaridade-e-docencia-na-educacao-basica/,1,1,0,1,0,0,0,1,1,1,1,1,1,1,1,0,0
https://play.google.com/store/apps/details?id=br.gov.datasus.cnsdigital,1,1,0,1,1,1,1,1,1,1,1,1,1,1,1,0,0
https://play.google.com/store/apps/details?id=br.gov.meugovbr&hl=pt_BR,1,1,0,1,1,1,1,1,1,1,1,1,1,1,1,0,0
https://play.google.com/store/apps/details?id=br.gov.serpro.cnhe,1,1,0,1,1,1,1,1,1,1,1,1,1,1,1,0,0
https://pontagrossa.ifpr.edu.br/,1,1,0,0,1,1,1,1,1,1,1,1,1,1,1,0,0
https://quedasdoiguacu.ifpr.edu.br/,1,1,0,0,1,0,0,1,1,1,1,1,0,0,1,0,0
https://quedasdoiguacu.ifpr.edu.br/?page_id=4696,1,1,0,0,0,0,0,1,1,1,1,1,0,0,1,0,0
https://reitoria.ifpr.edu.br,1,1,0,1,1,0,0,1,1,1,1,1,1,1,1,0,0
https://reitoria.ifpr.edu.br/2022/12/,1,1,0,1,1,0,0,1,1,1,1,1,1,1,1,0,0
https://reitoria.ifpr.edu.br/acesso-a-informacao/,1,1,0,1,1,0,0,1,1,1,1,1,1,1,1,0,0
https://reitoria.ifpr.edu.br/acesso-a-informacao/3-participacao-social/conselho-de-usuarios/,1,1,0,1,1,0,0,1,1,1,1,1,1,1,1,0,0
https://reitoria.ifpr.edu.br/acesso-a-informacao/3-participacao-social/conselhos-e-orgaos-colegiados/,1,1,0,1,1,0,0,1,1,1,1,1,1,1,1,0,0
https://reitoria.ifpr.edu.br/acesso-a-informacao/3-participacao-social/consulta-interna/,1,1,0,1,1,1,1,1,1,1,1,1,1,1,1,0,0
https://reitoria.ifpr.edu.br/acesso-a-informacao/3-participacao-social/consultas-publicas/,1,1,0,1,1,0,0,1,1,1,1,1,1,1,1,0,0
https://reitoria.ifpr.edu.br/acesso-a-informacao/acoes-e-programas/acoes/,1,1,0,1,1,0,0,1,1,1,1,1,1,1,1,0,0
https://reitoria.ifpr.edu.br/acesso-a-informacao/acoes-e-programas/carta-de-servicos/,1,1,0,1,1,0,0,1,1,1,1,1,1,1,1,0,0
https://reitoria.ifpr.edu.br/acesso-a-informacao/acoes-e-programas/fundo-de-amparo-ao-trabalhador/,1,1,0,1,1,0,0,1,1,1,1,1,1,1,1,0,0
https://reitoria.ifpr.edu.br/acesso-a-informacao/acoes-e-programas/planos/,1,1,0,1,1,0,0,1,1,1,1,1,1,1,1,0,0
https://reitoria.ifpr.edu.br/acesso-a-informacao/acoes-e-programas/programas/,1,1,0,1,1,0,0,1,1,1,1,1,1,1,1,0,0
https://reitoria.ifpr.edu.br/acesso-a-informacao/acoes-e-programas/renuncia-de-receitas/,1,1,0,1,1,0,0,1,1,1,1,1,1,1,1,0,0
https://reitoria.ifpr.edu.br/acesso-a-informacao/auditorias/,1,1,0,1,1,0,0,1,1,1,1,1,1,1,1,0,0
https://reitoria.ifpr.edu.br/acesso-a-informacao/convenios/convenios/,1,1,0,1,1,0,0,1,1,1,1,1,1,1,1,0,0
https://reitoria.ifpr.edu.br/acesso-a-informacao/convenios/fundacoes-de-apoio/,1,1,0,1,1,0,0,1,1,1,1,1,1,1,1,0,0
https://reitoria.ifpr.edu.br/acesso-a-informacao/dados-abertos/,1,1,0,1,1,0,0,1,1,1,1,1,1,1,1,0,0
https://reitoria.ifpr.edu.br/acesso-a-informacao/dados-abertos/bases-de-dados-abertos/,1,1,0,1,1,0,0,1,1,1,1,1,1,1,1,0,0
https://reitoria.ifpr.edu.br/acesso-a-informacao/dados-abertos/plano-de-dados-abertos/,1,1,0,1,1,0,0,1,1,1,1,1,1,1,1,0,0
https://reitoria.ifpr.edu.br/acesso-a-informacao/despesas/,1,1,0,1,1,0,0,1,1,1,1,1,1,1,1,0,0
https://reitoria.ifpr.edu.br/acesso-a-informacao/informacoes-classificadas/,1,1,0,1,1,1,1,1,1,1,1,1,1,1,1,0,0
https://reitoria.ifpr.edu.br/acesso-a-informacao/institucional/agenda-dos-gestores/,1,1,0,1,1,0,0,1,1,1,1,1,1,1,1,0,0
https://reitoria.ifpr.edu.br/acesso-a-informacao/institucional/base-juridica-da-estrutura-organizacional/,1,1,0,1,1,0,0,1,1,1,1,1,1,1,1,0,0
https://reitoria.ifpr.edu.br/acesso-a-informacao/institucional/competencias/,1,1,0,1,1,0,0,1,1,1,1,1,1,1,1,0,0
https://reitoria.ifpr.edu.br/acesso-a-informacao/institucional/horarios-de-atendimento/,1,1,0,1,1,0,0,1,1,1,1,1,1,1,1,0,0
https://reitoria.ifpr.edu.br/acesso-a-informacao/institucional/organograma/,1,1,0,1,1,0,0,1,1,1,1,1,1,1,1,0,0
https://reitoria.ifpr.edu.br/acesso-a-informacao/institucional/quem-e-quem/,1,1,0,1,1,0,0,1,1,1,1,1,1,1,1,0,0
https://reitoria.ifpr.edu.br/acesso-a-informacao/lei-de-acesso-a-informacao/,1,1,0,1,1,0,0,1,1,1,1,1,1,1,1,0,0
https://reitoria.ifpr.edu.br/acesso-a-informacao/lei-geral-de-protecao-de-dados/,1,1,0,1,1,0,0,1,1,1,1,1,1,1,1,0,0
https://reitoria.ifpr.edu.br/acesso-a-informacao/licitacoes-e-contratos/,1,1,0,1,1,0,0,1,1,1,1,1,1,1,1,0,0
https://reitoria.ifpr.edu.br/acesso-a-informacao/perguntas-frequentes/,1,1,0,1,1,1,1,1,1,1,1,1,1,1,1,0,0
https://reitoria.ifpr.edu.br/acesso-a-informacao/servico-de-informacao-ao-cidadao/,1,1,0,1,1,0,0,1,1,1,1,1,1,1,1,0,0
https://reitoria.ifpr.edu.br/acesso-a-informacao/servidores/concursos-publicos/,1,1,0,1,1,0,0,1,1,1,1,1,1,1,1,0,0
https://reitoria.ifpr.edu.br/acesso-a-informacao/servidores/servidores-em-exercicio/,1,1,0,1,1,0,0,1,1,1,1,1,1,1,1,0,0
https://reitoria.ifpr.edu.br/acesso-a-informacao/servidores/servidores-terceirizados/,1,1,0,1,1,0,0,1,1,1,1,1,1,1,1,0,0
https://reitoria.ifpr.edu.br/acompanhe-o-lancamento-do-dossie-sobre-educacao-das-relacoes-etnico-raciais-da-revista-difusao/,1,1,0,1,1,0,0,1,1,1,1,1,1,1,1,0,0
https://reitoria.ifpr.edu.br/autoavaliacao-institucional-2022-2023-recebe-respostas-ate-o-dia-20-de-dezembro/,1,1,0,1,1,0,0,1,1,1,1,1,1,1,1,0,0
https://reitoria.ifpr.edu.br/bacharelado-em-administracao/,1,1,0,1,1,0,0,1,1,1,1,1,1,1,1,0,0
https://reitoria.ifpr.edu.br/bacharelado-em-ciencias-contabeis/,1,1,0,1,1,0,0,1,1,1,1,1,1,1,1,0,0
https://reitoria.ifpr.edu.br/bacharelado-em-direito/,1,1,0,1,1,0,0,1,1,1,1,1,1,1,1,0,0
https://reitoria.ifpr.edu.br/bacharelado-em-enfermagem/,1,1,0,1,1,0,0,1,1,1,1,1,1,1,1,0,0
https://reitoria.ifpr.edu.br/bacharelado-em-engenharia-agronomica/,1,1,0,1,1,0,0,1,1,1,1,1,1,1,1,0,0
https://reitoria.ifpr.edu.br/bacharelado-em-farmacia/,1,1,0,1,1,0,0,1,1,1,1,1,1,1,1,0,0
https://reitoria.ifpr.edu.br/bacharelado-em-sistemas-de-informacao/,1,1,0,1,1,0,0,1,1,1,1,1,1,1,1,0,0
https://reitoria.ifpr.edu.br/campus-avancado-barracao/,1,1,0,1,1,0,0,1,1,1,1,1,1,1,1,0,0
https://reitoria.ifpr.edu.br/campus-avancado-coronel-vivida/,1,1,0,1,1,0,0,1,1,1,1,1,1,1,1,0,0
https://reitoria.ifpr.edu.br/campus-avancado-goioere/,1,1,0,1,1,0,0,1,1,1,1,1,1,1,1,0,0
https://reitoria.ifpr.edu.br/campus-avancado-quedas-do-iguacu/,1,1,0,1,1,0,0,1,1,1,1,1,1,1,1,0,0
https://reitoria.ifpr.edu.br/campus-capanema/,1,1,0,1,1,0,0,1,1,1,1,1,1,1,1,0,0
https://reitoria.ifpr.edu.br/campus-colombo/,1,1,0,1,1,0,0,1,1,1,1,1,1,1,1,0,0
https://reitoria.ifpr.edu.br/campus-jaguariaiva/,1,1,0,1,1,0,0,1,1,1,1,1,1,1,1,0,0
https://reitoria.ifpr.edu.br/campus-pitanga,1,1,0,1,1,0,0,1,1,1,1,1,1,1,1,0,0
https://reitoria.ifpr.edu.br/colegio-de-dirigentes-do-ifpr-define-calendario-de-reunioes-para-2023/,1,1,0,1,1,0,0,1,1,1,1,1,1,1,1,0,0
https://reitoria.ifpr.edu.br/confira-as-fotos-do-2o-encontro-do-nucleo-de-estudos-afro-brasileiros-e-indigenas-do-ifpr/,1,1,0,1,1,1,1,1,1,1,1,1,1,1,1,0,0
https://reitoria.ifpr.edu.br/conheca-os-campi/,1,1,0,1,1,0,0,1,1,1,1,1,1,1,1,0,0
https://reitoria.ifpr.edu.br/contatos/,1,1,0,1,1,1,1,1,1,1,1,1,1,1,1,0,0
https://reitoria.ifpr.edu.br/cursos-tecnicos-integrados/,1,1,0,1,1,0,0,1,1,1,1,1,1,1,1,0,0
https://reitoria.ifpr.edu.br/cursos-tecnicos-subsequentes/,1,1,0,1,1,0,0,1,1,1,1,1,1,1,1,0,0
https://reitoria.ifpr.edu.br/editora/conselho-editorial/,1,1,0,1,1,0,0,1,1,1,1,1,1,1,1,0,0
https://reitoria.ifpr.edu.br/editora/diretrizesefluxoeditoriais/,1,1,0,1,1,0,0,1,1,1,1,1,1,1,1,0,0
https://reitoria.ifpr.edu.br/editora/publiqueconosco/,1,1,0,1,1,0,0,1,1,1,1,1,1,1,1,0,0
https://reitoria.ifpr.edu.br/em-telemaco-borba-colegio-de-dirigentes-realiza-reuniao-ordinaria-presencial/,1,1,0,1,1,0,0,1,1,1,1,1,1,1,1,0,0
https://reitoria.ifpr.edu.br/engenharia-eletrica/,1,1,0,1,1,0,0,1,1,1,1,1,1,1,1,0,0
https://reitoria.ifpr.edu.br/gestao-e-administracao/atas-e-contratos/atas/,1,1,0,1,1,0,0,1,1,1,1,1,1,1,1,0,0
https://reitoria.ifpr.edu.br/gestao-e-administracao/atas-e-contratos/carta-contrato/,1,1,0,1,1,0,0,1,1,1,1,1,1,1,1,0,0
https://reitoria.ifpr.edu.br/gestao-e-administracao/atas-e-contratos/contratos/,1,1,0,1,1,0,0,1,1,1,1,1,1,1,1,0,0
https://reitoria.ifpr.edu.br/gestao-e-administracao/atas-e-contratos/fiscalizacao-de-contratos/,1,1,0,1,1,0,0,1,1,1,1,1,1,1,1,0,0
https://reitoria.ifpr.edu.br/gestao-e-administracao/diarias-e-passagens/,1,1,0,1,1,0,0,1,1,1,1,1,1,1,1,0,0
https://reitoria.ifpr.edu.br/gestao-e-administracao/documentos-e-publicacoes/instrucoes-internas/,1,1,0,1,1,0,0,1,1,1,1,1,1,1,1,0,0
https://reitoria.ifpr.edu.br/gestao-e-administracao/documentos-e-publicacoes/portarias/,1,1,0,1,1,0,0,1,1,1,1,1,1,1,1,0,0
https://reitoria.ifpr.edu.br/gestao-e-administracao/documentos-e-publicacoes/relatorios/,1,1,0,1,1,0,0,1,1,1,1,1,1,1,1,0,0
https://reitoria.ifpr.edu.br/gestao-e-administracao/governanca-riscos-e-controles/gestao-de-riscos/,1,1,0,1,1,1,1,1,1,1,1,1,1,1,1,0,0
https://reitoria.ifpr.edu.br/gestao-e-administracao/governanca-riscos-e-controles/governanca/,1,1,0,1,1,0,0,1,1,1,1,1,1,1,1,0,0
https://reitoria.ifpr.edu.br/gestao-e-administracao/governanca-riscos-e-controles/integridade/,1,1,0,1,1,0,0,1,1,1,1,1,1,1,1,0,0
https://reitoria.ifpr.edu.br/gestao-e-administracao/governanca-riscos-e-controles/mapeamento-de-processos/,1,1,0,1,1,0,0,1,1,1,1,1,1,1,1,0,0
https://reitoria.ifpr.edu.br/gestao-e-administracao/planejamento-institucional/plano-de-logistica-sustentavel/,1,1,0,1,1,0,0,1,1,1,1,1,1,1,1,0,0
https://reitoria.ifpr.edu.br/gestao-e-administracao/processos-de-consulta/,1,1,0,1,1,0,0,1,1,1,1,1,1,1,1,0,0
https://reitoria.ifpr.edu.br/gestao-e-administracao/revisao-e-consolidacao-dos-atos-normativos/atos-normativos-inferiores-a-decreto/,1,1,0,1,1,0,0,1,1,1,1,1,1,1,1,0,0
https://reitoria.ifpr.edu.br/gestao-e-administracao/revisao-e-consolidacao-dos-atos-normativos/documentos/,1,1,0,1,1,0,0,1,1,1,1,1,1,1,1,0,0
https://reitoria.ifpr.edu.br/gestao-e-administracao/revisao-e-consolidacao-dos-atos-normativos/exame-dos-atos-normativos/,1,1,0,1,1,0,0,1,1,1,1,1,1,1,1,0,0
https://reitoria.ifpr.edu.br/gestao-e-administracao/sei/,1,1,0,1,1,0,0,1,1,1,1,1,1,1,1,0,0
https://reitoria.ifpr.edu.br/governo-retira-mais-de-r-5-milhoes-do-ifpr-e-impede-pagamentos-de-final-de-ano/,1,1,0,1,1,0,0,1,1,1,1,1,1,1,1,0,0
https://reitoria.ifpr.edu.br/ifpr-conquista-medalhas-no-jif-nacional/,1,1,0,1,1,0,0,1,1,1,1,1,1,1,1,0,0
https://reitoria.ifpr.edu.br/ifpr-contra-covid-19/,1,1,0,1,1,0,0,1,1,1,1,1,1,1,1,0,0
https://reitoria.ifpr.edu.br/inovacao/informacoes-sobre-inexigibilidade/,1,1,0,1,1,1,1,1,1,1,1,1,1,1,1,0,0
https://reitoria.ifpr.edu.br/institucional/,1,1,0,1,1,0,0,1,1,1,1,1,1,1,1,0,0
https://reitoria.ifpr.edu.br/institucional/diretorias-sistemicas/proad-di/,1,1,0,1,1,0,0,1,1,1,1,1,1,1,1,0,0
https://reitoria.ifpr.edu.br/institucional/o-instituto/,1,1,0,1,1,0,0,1,1,1,1,1,1,1,1,0,0
https://reitoria.ifpr.edu.br/institucional/o-instituto/comissoes/,1,1,0,1,1,0,0,1,1,1,1,1,1,1,1,0,0
https://reitoria.ifpr.edu.br/institucional/o-instituto/comissoes/cpa/,1,1,0,1,1,0,0,1,1,1,1,1,1,1,1,0,0
https://reitoria.ifpr.edu.br/institucional/o-instituto/comites/,1,1,0,1,1,0,0,1,1,1,1,1,1,1,1,0,0
https://reitoria.ifpr.edu.br/institucional/o-instituto/gt-avaliacao/,1,1,0,1,1,0,0,1,1,1,1,1,1,1,1,0,0
https://reitoria.ifpr.edu.br/institucional/o-instituto/historia/,1,1,0,1,1,0,0,1,1,1,1,1,1,1,1,0,0
https://reitoria.ifpr.edu.br/institucional/o-instituto/legislacao/,1,1,0,1,1,0,0,1,1,1,1,1,1,1,1,0,0
https://reitoria.ifpr.edu.br/institucional/o-instituto/missao-e-valores/,1,1,0,1,1,1,1,1,1,1,1,1,1,1,1,0,0
https://reitoria.ifpr.edu.br/institucional/o-instituto/sobre-o-ifpr/,1,1,0,1,1,0,0,1,1,1,1,1,1,1,1,0,0
https://reitoria.ifpr.edu.br/institucional/orgaos-de-controle/auditoria-interna/,1,1,0,1,1,0,0,1,1,1,1,1,1,1,1,0,0
https://reitoria.ifpr.edu.br/institucional/orgaos-de-controle/ouvidoria/,1,1,0,1,1,0,0,1,1,1,1,1,1,1,1,0,0
https://reitoria.ifpr.edu.br/institucional/orgaos-de-controle/procuradoria-federal/,1,1,0,1,1,0,0,1,1,1,1,1,1,1,1,0,0
https://reitoria.ifpr.edu.br/institucional/pro-reitorias/pro-reitoria-de-planejamento/,1,1,0,1,1,0,0,1,1,1,1,1,1,1,1,0,0
https://reitoria.ifpr.edu.br/institucional/pro-reitorias/proad/,1,1,0,1,1,0,0,1,1,1,1,1,1,1,1,0,0
https://reitoria.ifpr.edu.br/institucional/pro-reitorias/proad/dlc/licitacoes/licitacoes/,1,1,0,1,1,0,0,1,1,1,1,1,1,1,1,0,0
https://reitoria.ifpr.edu.br/institucional/pro-reitorias/proens/,1,1,0,1,1,0,0,1,1,1,1,1,1,1,1,0,0
https://reitoria.ifpr.edu.br/institucional/pro-reitorias/proens/diretorias/diretoria-de-articulacao-pedagogica-e-formacao-continuada/biblioteca/bibliotecas-do-ifpr/,1,1,0,1,1,0,0,1,1,1,1,1,1,1,1,0,0
https://reitoria.ifpr.edu.br/institucional/pro-reitorias/proens/diretorias/diretoria-de-articulacao-pedagogica-e-formacao-continuada/biblioteca/normativas/,1,1,0,1,1,0,0,1,1,1,1,1,1,1,1,0,0
https://reitoria.ifpr.edu.br/institucional/pro-reitorias/proens/diretorias/diretoria-de-gestao-academica/ingresso/transferencias/,1,1,0,1,1,0,0,1,1,1,1,1,1,1,1,0,0
https://reitoria.ifpr.edu.br/institucional/pro-reitorias/proepi-2/,1,1,0,1,1,0,0,1,1,1,1,1,1,1,1,0,0
https://reitoria.ifpr.edu.br/institucional/pro-reitorias/proepi-2/agif/,1,1,0,1,1,0,0,1,1,1,1,1,1,1,1,0,0
https://reitoria.ifpr.edu.br/institucional/pro-reitorias/proepi-2/agif/empreendedorismo/,1,1,0,1,1,0,0,1,1,1,1,1,1,1,1,0,0
https://reitoria.ifpr.edu.br/institucional/pro-reitorias/proepi-2/agif/inovacao-2/,1,1,0,1,1,0,0,1,1,1,1,1,1,1,1,0,0
https://reitoria.ifpr.edu.br/institucional/pro-reitorias/proepi-2/agif/nucleos-de-inovacao-tecnologica-2/,1,1,0,1,1,0,0,1,1,1,1,1,1,1,1,0,0
https://reitoria.ifpr.edu.br/institucional/pro-reitorias/proepi-2/agif/propriedade-intelectual/,1,1,0,1,1,0,0,1,1,1,1,1,1,1,1,0,0
https://reitoria.ifpr.edu.br/institucional/pro-reitorias/proepi-2/agif/robotica-e-novas-tecnologias/,1,1,0,1,1,0,0,1,1,1,1,1,1,1,1,0,0
https://reitoria.ifpr.edu.br/institucional/pro-reitorias/progepe/,1,1,0,1,1,0,0,1,1,1,1,1,1,1,1,0,0
https://reitoria.ifpr.edu.br/institucional/reitoria/assessorias/,1,1,0,1,1,0,0,1,1,1,1,1,1,1,1,0,0
https://reitoria.ifpr.edu.br/institucional/reitoria/comunicacao/,1,1,0,1,1,0,0,1,1,1,1,1,1,1,1,0,0
https://reitoria.ifpr.edu.br/institucional/reitoria/conselhos-e-colegiados/,1,1,0,1,1,0,0,1,1,1,1,1,1,1,1,0,0
https://reitoria.ifpr.edu.br/institucional/reitoria/conselhos-e-colegiados/conselho-superior/resolucoes-2/,1,1,0,1,1,0,0,1,1,1,1,1,1,1,1,0,0
https://reitoria.ifpr.edu.br/institucional/reitoria/diretoria-de-expediente-e-apoio-aos-campi/,1,1,0,1,1,0,0,1,1,1,1,1,1,1,1,0,0
https://reitoria.ifpr.edu.br/institucional/reitoria/diretoria-executiva-dex/,1,1,0,1,1,0,0,1,1,1,1,1,1,1,1,0,0
https://reitoria.ifpr.edu.br/institucional/reitoria/gabinete-do-reitor/,1,1,0,1,1,0,0,1,1,1,1,1,1,1,1,0,0
https://reitoria.ifpr.edu.br/licenciatura-em-artes-visuais/,1,1,0,1,1,0,0,1,1,1,1,1,1,1,1,0,0
https://reitoria.ifpr.edu.br/licenciatura-em-ciencias-biologicas/,1,1,0,1,1,0,0,1,1,1,1,1,1,1,1,0,0
https://reitoria.ifpr.edu.br/licenciatura-em-ciencias-sociais/,1,1,0,1,1,0,0,1,1,1,1,1,1,1,1,0,0
https://reitoria.ifpr.edu.br/licenciatura-em-educacao-fisica/,1,1,0,1,1,1,1,1,1,1,1,1,1,1,1,0,0
https://reitoria.ifpr.edu.br/licenciatura-em-fisica/,1,1,0,1,1,0,0,1,1,1,1,1,1,1,1,0,0
https://reitoria.ifpr.edu.br/licenciatura-em-letras-portuguesingles/,1,1,0,1,1,0,0,1,1,1,1,1,1,1,1,0,0
https://reitoria.ifpr.edu.br/licenciatura-em-pedagogia/,1,1,0,1,1,0,0,1,1,1,1,1,1,1,1,0,0
https://reitoria.ifpr.edu.br/licenciatura-em-quimica/,1,1,0,1,1,0,0,1,1,1,1,1,1,1,1,0,0
https://reitoria.ifpr.edu.br/menu-academico/,1,1,0,1,1,0,0,1,1,1,1,1,1,1,1,0,0
https://reitoria.ifpr.edu.br/menu-academico/assistencia-estudante/,1,1,0,1,1,0,0,1,1,1,1,1,1,1,1,0,0
https://reitoria.ifpr.edu.br/menu-academico/assistencia-estudante/editais/,1,1,0,1,1,0,0,1,1,1,1,1,1,1,1,0,0
https://reitoria.ifpr.edu.br/menu-academico/egressos/,1,1,0,1,1,0,0,1,1,1,1,1,1,1,1,0,0
https://reitoria.ifpr.edu.br/menu-academico/ensino-medio-e-tecnico/,1,1,0,1,1,0,0,1,1,1,1,1,1,1,1,0,0
https://reitoria.ifpr.edu.br/menu-academico/ensino-medio-e-tecnico/recursos-naturais/tecnico-em-aquicultura/,1,1,0,1,1,0,0,1,1,1,1,1,1,1,1,0,0
https://reitoria.ifpr.edu.br/menu-academico/ensino-superior-e-pos-graduacao/,1,1,0,1,1,0,0,1,1,1,1,1,1,1,1,0,0
https://reitoria.ifpr.edu.br/menu-academico/ensino-superior-e-pos-graduacao/cursos-de-pos-graduacao/,1,1,0,1,1,0,0,1,1,1,1,1,1,1,1,0,0
https://reitoria.ifpr.edu.br/menu-academico/ensino-superior-e-pos-graduacao/cursos-superiores/,1,1,0,1,1,0,0,1,1,1,1,1,1,1,1,0,0
https://reitoria.ifpr.edu.br/menu-academico/internacional/,1,1,0,1,1,0,0,1,1,1,1,1,1,1,1,0,0
https://reitoria.ifpr.edu.br/menu-academico/internacional/centro-de-linguas-do-ifpr-celif/,1,1,0,1,1,0,0,1,1,1,1,1,1,1,1,0,0
https://reitoria.ifpr.edu.br/menu-academico/nucleo-de-atendimento-as-pessoas-com-necessidades-educacionais-especificas/contato-3/,1,1,0,1,1,0,0,1,1,1,1,1,1,1,1,0,0
https://reitoria.ifpr.edu.br/menu-academico/nucleo-de-atendimento-as-pessoas-com-necessidades-educacionais-especificas/documentosdocumentos/,1,1,0,1,1,0,0,1,1,1,1,1,1,1,1,0,0
https://reitoria.ifpr.edu.br/menu-academico/nucleo-de-atendimento-as-pessoas-com-necessidades-educacionais-especificas/editais/,1,1,0,1,1,0,0,1,1,1,1,1,1,1,1,0,0
https://reitoria.ifpr.edu.br/menu-academico/nucleo-de-atendimento-as-pessoas-com-necessidades-educacionais-especificas/formularios-especificos/,1,1,0,1,1,0,0,1,1,1,1,1,1,1,1,0,0
https://reitoria.ifpr.edu.br/menu-academico/nucleo-de-atendimento-as-pessoas-com-necessidades-educacionais-especificas/lista-de-resultados-e-espera/,1,1,0,1,1,0,0,1,1,1,1,1,1,1,1,0,0
https://reitoria.ifpr.edu.br/menu-academico/nucleo-de-atendimento-as-pessoas-com-necessidades-educacionais-especificas/o-que-e-napne/,1,1,0,1,1,0,0,1,1,1,1,1,1,1,1,0,0
https://reitoria.ifpr.edu.br/menu-academico/nucleo-de-atendimento-as-pessoas-com-necessidades-educacionais-especificas/objetivo/,1,1,0,1,1,0,0,1,1,1,1,1,1,1,1,0,0
https://reitoria.ifpr.edu.br/menu-academico/nucleo-de-atendimento-as-pessoas-com-necessidades-educacionais-especificas/responsabilidades/,1,1,0,1,1,0,0,1,1,1,1,1,1,1,1,0,0
https://reitoria.ifpr.edu.br/nova-plataforma-destinada-as-solicitacoes-de-pedidos-de-protecao-da-propriedade-intelectual-esta-disponivel/,1,1,0,1,1,0,0,1,1,1,1,1,1,1,1,0,0
https://reitoria.ifpr.edu.br/pesquisa-e-publicacoes/laboratorios/catalogo-de-laboratorios/,1,1,0,1,1,0,0,1,1,1,1,1,1,1,1,0,0
https://reitoria.ifpr.edu.br/politica-de-cookies/#gerenciamento-dos-cookies,1,1,0,1,1,0,0,1,1,1,1,1,1,1,1,0,0
https://reitoria.ifpr.edu.br/politica-de-cookies/,1,1,0,1,1,0,0,1,1,1,1,1,1,1,1,0,0
https://reitoria.ifpr.edu.br/politica-de-privacidade/,1,1,0,1,1,1,1,1,1,1,1,1,1,1,1,0,0
https://reitoria.ifpr.edu.br/processo-seletivo-2021-2022-ensino-medio/,1,1,0,1,1,0,0,1,1,1,1,1,1,1,1,0,0
https://reitoria.ifpr.edu.br/projetos-do-ifpr-participam-da-2a-semana-nacional-da-educacao-profissional-e-tecnologica/,1,1,0,1,1,0,0,1,1,1,1,1,1,1,1,0,0
https://reitoria.ifpr.edu.br/servicos/biblioteca/,1,1,0,1,1,0,0,1,1,1,1,1,1,1,1,0,0
https://reitoria.ifpr.edu.br/servicos/biblioteca/base-de-dados/,1,1,0,1,1,1,1,1,1,1,1,1,1,1,1,0,0
https://reitoria.ifpr.edu.br/servicos/biblioteca/normas-trabalhos-academicos/,1,1,0,1,1,1,1,1,1,1,1,1,1,1,1,0,0
https://reitoria.ifpr.edu.br/servicos/biblioteca/servicos/,1,1,1,1,1,0,0,1,1,1,1,1,1,1,1,0,0
https://reitoria.ifpr.edu.br/servicos/certificacao/certificacao-cbes/,1,1,0,1,1,1,1,1,1,1,1,1,1,1,1,0,0
https://reitoria.ifpr.edu.br/servicos/certificacao/certificacao/,1,1,0,1,1,0,0,1,1,1,1,1,1,1,1,0,0
https://reitoria.ifpr.edu.br/servicos/ouvidoria/,1,1,0,1,1,0,0,1,1,1,1,1,1,1,1,0,0
https://reitoria.ifpr.edu.br/servicos/revalidacao-de-diplomas/,1,1,0,1,1,0,0,1,1,1,1,1,1,1,1,0,0
https://reitoria.ifpr.edu.br/simposio-de-propriedade-intelectual-do-ifpr-ocorrera-nos-dias-12-e-13-dezembro/,1,1,0,1,1,0,0,1,1,1,1,1,1,1,1,0,0
https://reitoria.ifpr.edu.br/tag/avaliacao-institucional/,1,1,0,1,1,0,0,1,1,1,1,1,1,1,1,0,0
https://reitoria.ifpr.edu.br/tag/eventos-externos/,1,1,0,1,1,0,0,1,1,1,1,1,1,1,1,0,0
https://reitoria.ifpr.edu.br/tag/nota-oficial/,1,1,0,1,1,0,0,1,1,1,1,1,1,1,1,0,0
https://reitoria.ifpr.edu.br/tag/orgaos-colegiados/,1,1,0,1,1,0,0,1,1,1,1,1,1,1,1,0,0
https://reitoria.ifpr.edu.br/tag/revistas-ifpr/,1,1,0,1,1,0,0,1,1,1,1,1,1,1,1,0,0
https://reitoria.ifpr.edu.br/tecnico-em-administracao/,1,1,0,1,1,0,0,1,1,1,1,1,1,1,1,0,0
https://reitoria.ifpr.edu.br/tecnico-em-agricultura/,1,1,0,1,1,0,0,1,1,1,1,1,1,1,1,0,0
https://reitoria.ifpr.edu.br/tecnico-em-agroecologia/,1,1,0,1,1,0,0,1,1,1,1,1,1,1,1,0,0
https://reitoria.ifpr.edu.br/tecnico-em-agroindustria/,1,1,0,1,1,0,0,1,1,1,1,1,1,1,1,0,0
https://reitoria.ifpr.edu.br/tecnico-em-agropecuaria/,1,1,0,1,1,0,0,1,1,1,1,1,1,1,1,0,0
https://reitoria.ifpr.edu.br/tecnico-em-alimentos/,1,1,0,1,1,0,0,1,1,1,1,1,1,1,1,0,0
https://reitoria.ifpr.edu.br/tecnico-em-analises-quimicas/,1,1,0,1,1,0,0,1,1,1,1,1,1,1,1,0,0
https://reitoria.ifpr.edu.br/tecnico-em-automacao-industrial/,1,1,0,1,1,0,0,1,1,1,1,1,1,1,1,0,0
https://reitoria.ifpr.edu.br/tecnico-em-biotecnologia/,1,1,0,1,1,0,0,1,1,1,1,1,1,1,1,0,0
https://reitoria.ifpr.edu.br/tecnico-em-ceramica/,1,1,0,1,1,0,0,1,1,1,1,1,1,1,1,0,0
https://reitoria.ifpr.edu.br/tecnico-em-contabilidade/,1,1,0,1,1,0,0,1,1,1,1,1,1,1,1,0,0
https://reitoria.ifpr.edu.br/tecnico-em-cooperativismo/,1,1,0,1,1,0,0,1,1,1,1,1,1,1,1,0,0
https://reitoria.ifpr.edu.br/tecnico-em-cozinha/,1,1,0,1,1,0,0,1,1,1,1,1,1,1,1,0,0
https://reitoria.ifpr.edu.br/tecnico-em-edificacoes/,1,1,0,1,1,0,0,1,1,1,1,1,1,1,1,0,0
https://reitoria.ifpr.edu.br/tecnico-em-eletromecanica/,1,1,0,1,1,0,0,1,1,1,1,1,1,1,1,0,0
https://reitoria.ifpr.edu.br/tecnico-em-eletronica/,1,1,0,1,1,0,0,1,1,1,1,1,1,1,1,0,0
https://reitoria.ifpr.edu.br/tecnico-em-eletrotecnica/,1,1,0,1,1,0,0,1,1,1,1,1,1,1,1,0,0
https://reitoria.ifpr.edu.br/tecnico-em-enfermagem/,1,1,0,1,1,0,0,1,1,1,1,1,1,1,1,0,0
https://reitoria.ifpr.edu.br/tecnico-em-eventos/,1,1,0,1,1,0,0,1,1,1,1,1,1,1,1,0,0
https://reitoria.ifpr.edu.br/tecnico-em-informatica-para-internet/,1,1,0,1,1,0,0,1,1,1,1,1,1,1,1,0,0
https://reitoria.ifpr.edu.br/tecnico-em-informatica/,1,1,0,1,1,0,0,1,1,1,1,1,1,1,1,0,0
https://reitoria.ifpr.edu.br/tecnico-em-massoterapia/,1,1,0,1,1,0,0,1,1,1,1,1,1,1,1,0,0
https://reitoria.ifpr.edu.br/tecnico-em-mecanica/,1,1,0,1,1,0,0,1,1,1,1,1,1,1,1,0,0
https://reitoria.ifpr.edu.br/tecnico-em-meio-ambiente/,1,1,0,1,1,0,0,1,1,1,1,1,1,1,1,0,0
https://reitoria.ifpr.edu.br/tecnico-em-orientacao-comunitaria/,1,1,0,1,1,0,0,1,1,1,1,1,1,1,1,0,0
https://reitoria.ifpr.edu.br/tecnico-em-petroleo-e-gas/,1,1,0,1,1,0,0,1,1,1,1,1,1,1,1,0,0
https://reitoria.ifpr.edu.br/tecnico-em-processos-fotograficos/,1,1,0,1,1,0,0,1,1,1,1,1,1,1,1,0,0
https://reitoria.ifpr.edu.br/tecnico-em-producao-de-moda/,1,1,0,1,1,0,0,1,1,1,1,1,1,1,1,0,0
https://reitoria.ifpr.edu.br/tecnico-em-programacao-de-jogos-digitais/,1,1,0,1,1,0,0,1,1,1,1,1,1,1,1,0,0
https://reitoria.ifpr.edu.br/tecnico-em-protese-dentaria/,1,1,0,1,1,0,0,1,1,1,1,1,1,1,1,0,0
https://reitoria.ifpr.edu.br/tecnico-em-quimica/,1,1,0,1,1,0,0,1,1,1,1,1,1,1,1,0,0
https://reitoria.ifpr.edu.br/tecnico-em-radiologia/,1,1,0,1,1,0,0,1,1,1,1,1,1,1,1,0,0
https://reitoria.ifpr.edu.br/tecnico-em-saude-bucal/,1,1,0,1,1,0,0,1,1,1,1,1,1,1,1,0,0
https://reitoria.ifpr.edu.br/tecnico-em-servicos-juridicos/,1,1,0,1,1,0,0,1,1,1,1,1,1,1,1,0,0
https://reitoria.ifpr.edu.br/tecnico-em-telecomunicacoes/,1,1,0,1,1,0,0,1,1,1,1,1,1,1,1,0,0
https://reitoria.ifpr.edu.br/tecnologia-em-agroecologia/,1,1,0,1,1,0,0,1,1,1,1,1,1,1,1,0,0
https://reitoria.ifpr.edu.br/tecnologia-em-analise-e-desenvolvimento-de-sistemas/,1,1,0,1,1,0,0,1,1,1,1,1,1,1,1,0,0
https://reitoria.ifpr.edu.br/tecnologia-em-automacao-industrial/,1,1,0,1,1,0,0,1,1,1,1,1,1,1,1,0,0
https://reitoria.ifpr.edu.br/tecnologia-em-gestao-publica-2/,1,1,0,1,1,0,0,1,1,1,1,1,1,1,1,0,0
https://reitoria.ifpr.edu.br/tecnologia-em-manutencao-industrial/,1,1,0,1,1,0,0,1,1,1,1,1,1,1,1,0,0
https://reitoria.ifpr.edu.br/trabalhe-no-ifpr/concursos-publicos/,1,1,0,1,1,0,0,1,1,1,1,1,1,1,1,0,0
https://reitoria.ifpr.edu.br/wp-content/uploads/2020/11/bens-imoveis-csv.csv,1,1,0,1,1,1,1,1,1,1,1,1,1,1,1,0,0
https://reitoria.ifpr.edu.br/wp-content/uploads/2020/11/bens-moveis-csv.csv,1,1,0,1,1,1,1,1,1,1,1,1,1,1,1,1,1
https://sei.ifpr.edu.br/sei/publicacoes/controlador_publicacoes.php?acao=publicacao_pesquisar&id_orgao_publicacao=0,0,0,0,0,1,1,1,1,1,1,1,1,0,0,1,0,0
https://servicos.nc.ufpr.br/PortalNC/Concurso?concurso=IFPR2023,1,1,0,0,0,1,1,1,1,1,1,1,1,1,1,0,0
https://sigaa.ifpr.edu.br/sigaa/verTelaLogin.do,0,0,0,0,0,0,0,0,0,1,1,1,0,0,1,0,0
https://telemaco.ifpr.edu.br/,1,1,0,0,1,0,0,1,1,1,1,1,1,1,1,0,0
https://telemaco.ifpr.edu.br/pos-graduacao/ensino-de-ciencia-e-tecnologia-2/,1,1,0,0,0,0,0,1,1,1,1,1,1,1,1,0,0
https://toledo.ifpr.edu.br/,1,1,0,0,0,0,0,1,1,1,1,1,1,1,1,0,0
https://twitter.com/intent/tweet?text=Cursos+T%C3%A9cnicos+Integrados&url=https%3A%2F%2Freitoria.ifpr.edu.br%2Fcursos-tecnicos-integrados%2F&via=Crunchify,0,0,0,0,0,0,0,0,0,1,1,1,0,0,1,0,0
https://twitter.com/intent/tweet?text=Cursos+T%C3%A9cnicos+Subsequentes&url=https%3A%2F%2Freitoria.ifpr.edu.br%2Fcursos-tecnicos-subsequentes%2F&via=Crunchify,0,0,0,0,0,0,0,0,0,1,1,1,0,0,1,0,0
https://twitter.com/intent/tweet?text=Fale+Conosco&url=https%3A%2F%2Freitoria.ifpr.edu.br%2Fcontatos%2F&via=Crunchify,0,0,0,0,0,0,0,0,0,1,1,1,0,0,1,0,0
https://umuarama.ifpr.edu.br/,1,1,0,0,1,0,0,1,1,1,1,1,0,0,1,0,0
https://uniao.ifpr.edu.br/,1,1,0,0,1,0,0,1,1,1,1,1,0,0,1,0,0
https://www-periodicos-capes-gov-br.ez109.periodicos.capes.gov.br/,0,0,0,0,0,0,0,0,0,1,1,1,0,0,1,0,0
https://www.facebook.com/governodobrasil,0,0,0,0,0,0,0,0,0,1,1,1,0,0,1,0,0
https://www.facebook.com/REITORIAIFPR/,0,0,0,0,0,0,0,0,0,1,1,1,0,0,1,0,0
https://www.facebook.com/sharer/sharer.php?u=https%3A%2F%2Freitoria.ifpr.edu.br%2Facesso-a-informacao%2Fdados-abertos%2Fbases-de-dados-abertos%2Fadministracao%2F,0,0,0,0,0,0,0,1,1,1,1,1,0,0,1,0,0
https://www.facebook.com/sharer/sharer.php?u=https%3A%2F%2Freitoria.ifpr.edu.br%2Fcontatos%2F,0,0,0,0,0,0,0,1,1,1,1,1,0,0,1,0,0
https://www.facebook.com/sharer/sharer.php?u=https%3A%2F%2Freitoria.ifpr.edu.br%2Fcursos-tecnicos-integrados%2F,0,0,0,0,0,0,0,1,1,1,1,1,0,0,1,0,0
https://www.facebook.com/sharer/sharer.php?u=https%3A%2F%2Freitoria.ifpr.edu.br%2Fcursos-tecnicos-subsequentes%2F,0,0,0,0,0,0,0,1,1,1,1,1,0,0,1,0,0
https://www.facebook.com/sharer/sharer.php?u=https%3A%2F%2Freitoria.ifpr.edu.br%2Fmenu-academico%2Fensino-superior-e-pos-graduacao%2Fcursos-de-pos-graduacao%2F,0,0,0,0,0,0,0,1,1,1,1,1,0,0,1,0,0
https://www.facebook.com/sharer/sharer.php?u=https%3A%2F%2Freitoria.ifpr.edu.br%2Fmenu-academico%2Fensino-superior-e-pos-graduacao%2Fcursos-superiores%2F,0,0,0,0,0,0,0,1,1,1,1,1,0,0,1,0,0
https://www.gov.br/@@multilingual-selector/3d53b927706743779ee4256ace0f664f/en?set_language=en,0,0,0,0,0,1,1,0,0,1,1,1,0,0,1,0,0
https://www.gov.br/@@multilingual-selector/3d53b927706743779ee4256ace0f664f/es?set_language=es,1,1,0,0,0,0,0,0,0,1,1,1,0,0,1,0,0
https://www.gov.br/acessoainformacao/pt-br,1,1,1,0,0,0,0,1,1,1,1,1,1,1,1,1,1
https://www.gov.br/governodigital/pt-br,1,1,1,0,1,0,0,1,1,1,1,1,1,1,1,1,1
https://www.gov.br/governodigital/pt-br/acessibilidade-digital,1,1,1,0,1,0,0,1,1,1,1,1,1,1,1,1,1
https://www.gov.br/governodigital/pt-br/transformacao-digital/central-de-qualidade/painel-de-monitoramento-de-servicos-federais,1,1,1,0,1,0,0,1,1,1,1,1,1,1,1,1,1
https://www.gov.br/participamaisbrasil/sobre,1,1,0,0,0,0,0,1,1,1,1,1,0,0,1,0,0
https://www.gov.br/pt-br,1,1,1,0,0,1,1,1,1,1,1,1,1,1,1,1,1
https://www.gov.br/pt-br/apps/@@galeria-de-aplicativos,1,1,1,0,1,1,1,1,1,1,1,1,1,1,1,1,1
https://www.gov.br/pt-br/campanhas/bicentenario,1,1,1,0,0,0,0,0,0,1,1,1,1,1,1,1,1
https://www.gov.br/pt-br/categorias,1,1,1,0,0,0,0,0,0,1,1,1,1,1,1,1,1
https://www.gov.br/pt-br/categorias?id=agricultura-e-pecuaria,1,1,1,0,0,0,0,0,0,1,1,1,1,1,1,1,1
https://www.gov.br/pt-br/categorias?id=assistencia-social,1,1,1,0,0,0,0,0,0,1,1,1,1,1,1,1,1
https://www.gov.br/pt-br/categorias?id=ciencia-e-tecnologia,1,1,1,0,0,0,0,0,0,1,1,1,1,1,1,1,1
https://www.gov.br/pt-br/categorias?id=comunicacoes-e-transparencia-publica,1,1,1,0,0,0,0,0,0,1,1,1,1,1,1,1,1
https://www.gov.br/pt-br/categorias?id=cultura-artes-historia-e-esportes,1,1,1,0,0,0,0,0,0,1,1,1,1,1,1,1,1
https://www.gov.br/pt-br/categorias?id=educacao-e-pesquisa,1,1,1,0,0,0,0,0,0,1,1,1,1,1,1,1,1
https://www.gov.br/pt-br/categorias?id=empresa-industria-e-comercio,1,1,1,0,0,0,0,0,0,1,1,1,1,1,1,1,1
https://www.gov.br/pt-br/categorias?id=energia-minerais-e-combustiveis,1,1,1,0,0,0,0,0,0,1,1,1,1,1,1,1,1
https://www.gov.br/pt-br/categorias?id=financas-impostos-e-gestao-publica,1,1,1,0,0,0,0,0,0,1,1,1,1,1,1,1,1
https://www.gov.br/pt-br/categorias?id=forcas-armadas-e-defesa-civil,1,1,1,0,0,0,0,0,0,1,1,1,1,1,1,1,1
https://www.gov.br/pt-br/categorias?id=justica-e-seguranca,1,1,1,0,0,0,0,0,0,1,1,1,1,1,1,1,1
https://www.gov.br/pt-br/categorias?id=meio-ambiente-e-clima,1,1,1,0,0,0,0,0,0,1,1,1,1,1,1,1,1
https://www.gov.br/pt-br/categorias?id=saude-e-vigilancia-sanitaria,1,1,1,0,0,0,0,0,0,1,1,1,1,1,1,1,1
https://www.gov.br/pt-br/categorias?id=trabalho-e-previdencia,1,1,1,0,0,0,0,0,0,1,1,1,1,1,1,1,1
https://www.gov.br/pt-br/categorias?id=transito-e-transportes,1,1,1,0,0,0,0,0,0,1,1,1,1,1,1,1,1
https://www.gov.br/pt-br/categorias?id=viagens-e-turismo,1,1,1,0,0,0,0,0,0,1,1,1,1,1,1,1,1
https://www.gov.br/pt-br/dados-do-governo-federal,1,1,1,0,0,0,0,0,0,1,1,1,1,1,1,1,1
https://www.gov.br/pt-br/guia-de-edicao-de-servicos-do-gov.br/bem-vindo-editor,1,1,1,1,0,0,0,1,1,1,1,1,1,1,1,1,1
https://www.gov.br/pt-br/navegacao,1,1,1,0,0,0,0,0,0,1,1,1,1,1,1,1,1
https://www.gov.br/pt-br/noticias,1,1,1,0,0,0,0,1,1,1,1,1,1,1,1,1,1
https://www.gov.br/pt-br/noticias/agricultura-e-pecuaria,1,1,1,0,0,0,0,1,1,1,1,1,1,1,1,1,1
https://www.gov.br/pt-br/noticias/assistencia-social,1,1,1,0,0,0,0,0,0,1,1,1,1,1,1,1,1
https://www.gov.br/pt-br/noticias/cultura-artes-historia-e-esportes,1,1,1,0,0,0,0,0,0,1,1,1,1,1,1,1,1
https://www.gov.br/pt-br/noticias/educacao-e-pesquisa,1,1,1,0,0,0,0,0,0,1,1,1,1,1,1,1,1
https://www.gov.br/pt-br/noticias/energia-minerais-e-combustiveis,1,1,1,0,0,0,0,0,0,1,1,1,1,1,1,1,1
https://www.gov.br/pt-br/noticias/financas-impostos-e-gestao-publica,1,1,1,0,0,0,0,0,0,1,1,1,1,1,1,1,1
https://www.gov.br/pt-br/noticias/financas-impostos-e-gestao-publica/2022/11/governo-federal-institui-o-tramita-gov.br,1,1,1,0,0,0,0,1,1,1,1,1,1,1,1,1,1
https://www.gov.br/pt-br/noticias/financas-impostos-e-gestao-publica/2022/11/receita-federal-assina-acordo-com-a-noruega-para-a-eliminacao-da-dupla-tributacao,1,1,1,0,0,0,0,1,1,1,1,1,1,1,1,1,1
https://www.gov.br/pt-br/noticias/justica-e-seguranca,1,1,1,0,0,0,0,1,1,1,1,1,1,1,1,1,1
https://www.gov.br/pt-br/noticias/meio-ambiente-e-clima,1,1,1,0,0,0,0,0,0,1,1,1,1,1,1,1,1
https://www.gov.br/pt-br/noticias/meio-ambiente-e-clima/2022/11/brasil-vai-apresentar-seu-potencial-de-energia-limpa-na-convencao-do-clima,1,1,1,1,0,0,0,1,1,1,1,1,1,1,1,1,1
https://www.gov.br/pt-br/noticias/saude-e-vigilancia-sanitaria,1,1,1,0,0,0,0,1,1,1,1,1,1,1,1,1,1
https://www.gov.br/pt-br/noticias/servicos-para-o-cidadao,1,1,1,0,0,0,0,0,0,1,1,1,1,1,1,1,1
https://www.gov.br/pt-br/noticias/trabalho-e-previdencia,1,1,1,0,0,0,0,0,0,1,1,1,1,1,1,1,1
https://www.gov.br/pt-br/noticias/transito-e-transportes,1,1,1,0,0,0,0,0,0,1,1,1,1,1,1,1,1
https://www.gov.br/pt-br/noticias/viagens-e-turismo,1,1,1,0,0,0,0,0,0,1,1,1,1,1,1,1,1
https://www.gov.br/pt-br/noticias/viagens-e-turismo/2022/11/embratur-vai-divulgar-destinos-turisticos-brasileiros-durante-a-copa-do-mundo-do-catar,1,1,1,0,0,0,0,1,1,1,1,1,1,1,1,1,1
https://www.gov.br/pt-br/orgaos-do-governo,1,1,1,0,0,0,0,1,1,1,1,1,1,1,1,1,1
https://www.gov.br/pt-br/participacao-social,1,1,1,0,0,0,0,1,1,1,1,1,1,1,1,1,1
https://www.gov.br/pt-br/perfil_usuario/agricultor,1,1,1,1,0,0,0,1,1,1,1,1,1,1,1,1,1
https://www.gov.br/pt-br/perfil_usuario/aposentado,1,1,1,0,0,1,1,1,1,1,1,1,1,1,1,1,1
https://www.gov.br/pt-br/perfil_usuario/empreendedor,1,1,1,0,0,0,0,1,1,1,1,1,1,1,1,1,1
https://www.gov.br/pt-br/perfil_usuario/estudante,1,1,1,0,0,0,0,1,1,1,1,1,1,1,1,1,1
https://www.gov.br/pt-br/perfil_usuario/motorista,1,1,1,1,0,0,0,1,1,1,1,1,1,1,1,1,1
https://www.gov.br/pt-br/perfil_usuario/todos_os_perfis,1,1,1,0,0,0,0,0,0,1,1,1,1,1,1,1,1
https://www.gov.br/pt-br/perfil_usuario/trabalhador,1,1,1,0,0,1,1,1,1,1,1,1,1,1,1,1,1
https://www.gov.br/pt-br/perfil_usuario/turista,1,1,1,1,0,0,0,1,1,1,1,1,1,1,1,1,1
https://www.gov.br/pt-br/por-dentro-do-govbr,1,1,1,0,0,0,0,0,0,1,1,1,1,1,1,1,1
https://www.gov.br/pt-br/por-dentro-do-govbr/ajuda-para-navegar-o-portal,1,1,1,1,0,0,0,1,1,1,1,1,1,1,1,1,1
https://www.gov.br/pt-br/por-dentro-do-govbr/conheca-os-elementos-do-portal,1,1,1,0,0,1,1,1,1,1,1,1,1,1,1,1,1
https://www.gov.br/pt-br/por-dentro-do-govbr/perguntas-frequentes,1,1,1,1,0,1,1,1,1,1,1,1,1,1,1,1,1
https://www.gov.br/pt-br/servicos-estaduais,1,1,1,0,0,0,0,0,0,1,1,1,1,1,1,1,1
https://www.gov.br/pt-br/servicos,1,1,1,0,0,0,0,0,0,1,1,1,1,1,1,1,1
https://www.gov.br/pt-br/servicos/acessar-centro-pop-centro-de-referencia-especializado-para-populacao-em-situacao-de-rua,1,1,1,1,0,0,0,1,1,1,1,1,1,1,1,1,1
https://www.gov.br/pt-br/servicos/buscar-servicos-por,1,1,1,0,0,0,0,0,0,1,1,1,1,1,1,1,1
https://www.gov.br/pt-br/servicos/consultar-cadastro-de-pessoas-fisicas,1,1,1,0,0,0,0,1,1,1,1,1,1,1,1,1,1
https://www.gov.br/pt-br/servicos/consultar-e-solicitar-a-devolucao-de-valores-a-receber,1,1,1,0,0,1,1,1,1,1,1,1,1,1,1,1,1
https://www.gov.br/pt-br/servicos/consultar-restituicao-de-imposto-de-renda,1,1,1,0,0,0,0,1,1,1,1,1,1,1,1,1,1
https://www.gov.br/pt-br/servicos/declarar-bens-para-viagem-internacional-dbv,1,1,1,0,0,0,0,1,1,1,1,1,1,1,1,1,1
https://www.gov.br/pt-br/servicos/emitir-certidao-de-regularidade-fiscal,1,1,1,0,0,1,1,1,1,1,1,1,1,1,1,1,1
https://www.gov.br/pt-br/servicos/listar_orgaos,1,1,1,0,0,0,0,0,0,1,1,1,1,1,1,1,1
https://www.gov.br/pt-br/servicos/listar_servicos_segmento?segmento=publico_alvo_cidadaos,1,1,1,0,0,0,0,1,1,1,1,1,1,1,1,1,1
https://www.gov.br/pt-br/servicos/listar_servicos_segmento?segmento=publico_alvo_empresas,1,1,1,0,0,0,0,0,0,1,1,1,1,1,1,1,1
https://www.gov.br/pt-br/servicos/listar_servicos_segmento?segmento=publico_alvo_orgaos,1,1,1,0,0,0,0,0,0,1,1,1,1,1,1,1,1
https://www.gov.br/pt-br/servicos/listar_servicos_segmento?segmento=publico_alvo_outros,1,1,1,0,0,0,0,0,0,1,1,1,1,1,1,1,1
https://www.gov.br/pt-br/servicos/listar_servicos_segmento?segmento=publico_alvo_servidor,1,1,1,0,0,0,0,0,0,1,1,1,1,1,1,1,1
https://www.gov.br/pt-br/servicos/obter-a-carteira-de-trabalho,1,1,1,0,0,1,1,1,1,1,1,1,1,1,1,1,1
https://www.gov.br/pt-br/servicos/receber-o-abono-salarial,1,1,1,0,0,1,1,1,1,1,1,1,1,1,1,1,1
https://www.gov.br/pt-br/servicos/servicos-por-publico-alvo,1,1,1,0,0,0,0,0,0,1,1,1,1,1,1,1,1
https://www.gov.br/pt-br/servicos/solicitar-apoio-aos-povos-indigenas-em-situacoes-emergenciais,1,1,1,1,1,0,0,1,1,1,1,1,1,1,1,1,1
https://www.gov.br/pt-br/servicos/solicitar-bolsa-podio,1,1,1,0,0,0,0,1,1,1,1,1,1,1,1,1,1
https://www.gov.br/pt-br/sitemap,1,1,1,0,0,0,0,0,0,1,1,1,1,1,1,1,1
https://www.gov.br/pt-br/temas-em-destaque-1,1,1,1,0,0,0,0,1,1,1,1,1,1,1,1,1,1
https://www.grupodepesquisafilosofiacienciaetecnologiasifpr.com/revista,1,1,0,1,0,1,1,1,1,1,1,1,0,0,1,0,0
https://www.instagram.com/governodobrasil,0,0,0,0,0,0,0,0,0,1,1,1,0,0,1,0,0
https://www.instagram.com/ifpr.oficial/?hl=pt,0,0,0,0,0,0,0,0,0,1,1,1,0,0,1,0,0
https://www.linkedin.com/shareArticle?mini=true&url=https%3A%2F%2Freitoria.ifpr.edu.br%2Fcontatos%2F&title=Fale+Conosco,0,0,0,0,0,0,0,1,1,1,1,1,0,0,1,0,0
https://www.linkedin.com/shareArticle?mini=true&url=https%3A%2F%2Freitoria.ifpr.edu.br%2Fcursos-tecnicos-integrados%2F&title=Cursos+T%C3%A9cnicos+Integrados,0,0,0,0,0,0,0,1,1,1,1,1,0,0,1,0,0
https://www.linkedin.com/shareArticle?mini=true&url=https%3A%2F%2Freitoria.ifpr.edu.br%2Fcursos-tecnicos-subsequentes%2F&title=Cursos+T%C3%A9cnicos+Subsequentes,0,0,0,0,0,0,0,1,1,1,1,1,0,0,1,0,0
https://www.portaltransparencia.gov.br/,1,1,0,0,0,1,1,1,1,1,1,1,1,1,1,0,0
https://www.twitter.com/govbr,0,0,0,0,0,0,0,0,0,1,1,1,0,0,1,0,0
https://www.youtube.com/conexaoifpr/,1,1,0,1,1,1,1,1,1,1,1,1,1,1,1,0,0
https://www.youtube.com/governodobrasil,1,1,0,1,0,1,1,1,1,1,1,1,0,0,1,0,0
https://www.youtube.com/watch?v=9LTgKgkvZ94,1,1,0,1,0,1,1,1,1,1,1,1,0,0,1,0,0
https://www.youtube.com/watch?v=B5m8l_LyZQs,1,1,0,1,0,1,1,1,1,1,1,1,0,0,1,0,0
https://youtu.be/gS39wqPXF4M,1,1,0,1,0,1,1,1,1,1,1,1,0,0,1,0,0
https://youtu.be/TeEp0X6wlcg,1,1,0,1,0,1,1,1,1,1,1,1,1,1,1,0,0
